old_100_ms_t1_S100_L001_R1_001.fastq.gz	@LH00295:195:22YCMWLT3:1:1101:2674:1016 1:N:0:CCGGGCAGAT+ACCCAGACGT
old_100_ms_t1_S100_L001_R2_001.fastq.gz	@LH00295:195:22YCMWLT3:1:1101:2674:1016 2:N:0:CCGGGCAGAT+ACCCAGACGT
old_101_ms_t1_S101_L001_R1_001.fastq.gz	@LH00295:195:22YCMWLT3:1:1101:10736:1016 1:N:0:ATGATTGGTT+CAAGTGACAG
old_101_ms_t1_S101_L001_R2_001.fastq.gz	@LH00295:195:22YCMWLT3:1:1101:10736:1016 2:N:0:ATGATTGGTT+CAAGTGACAG
old_102_ms_t1_S102_L001_R1_001.fastq.gz	@LH00295:195:22YCMWLT3:1:1101:3395:1016 1:N:0:ACATGCGGGC+CGTGCGCAAT
old_102_ms_t1_S102_L001_R2_001.fastq.gz	@LH00295:195:22YCMWLT3:1:1101:3395:1016 2:N:0:ACATGCGGGC+CGTGCGCAAT
old_104_ms_t1_S104_L001_R1_001.fastq.gz	@LH00295:195:22YCMWLT3:1:1101:1860:1016 1:N:0:CAGCGACTGT+GAAGCGTGGA
old_104_ms_t1_S104_L001_R2_001.fastq.gz	@LH00295:195:22YCMWLT3:1:1101:1860:1016 2:N:0:CAGCGACTGT+GAAGCGTGGA
old_105_ms_t1_S105_L001_R1_001.fastq.gz	@LH00295:195:22YCMWLT3:1:1101:4319:1016 1:N:0:CCTCTCCCGC+GTACGTTGTA
old_105_ms_t1_S105_L001_R2_001.fastq.gz	@LH00295:195:22YCMWLT3:1:1101:4319:1016 2:N:0:CCTCTCCCGC+GTACGTTGTA
old_109_ms_t2_S109_L001_R1_001.fastq.gz	@LH00295:195:22YCMWLT3:1:1101:9645:1016 1:N:0:ATCCGAGCGG+CCACCCAGTT
old_109_ms_t2_S109_L001_R2_001.fastq.gz	@LH00295:195:22YCMWLT3:1:1101:9645:1016 2:N:0:ATCCGAGCGG+CCACCCAGTT
old_111_ms_t2_S111_L001_R1_001.fastq.gz	@LH00295:195:22YCMWLT3:1:1101:4819:1016 1:N:0:TGACCCGCAC+CAATACTCGT
old_111_ms_t2_S111_L001_R2_001.fastq.gz	@LH00295:195:22YCMWLT3:1:1101:4819:1016 2:N:0:TGACCCGCAC+CAATACTCGT
old_112_ms_t2_S112_L001_R1_001.fastq.gz	@LH00295:195:22YCMWLT3:1:1101:4329:1032 1:N:0:AATGGGACTG+TACGCGCTGG
old_112_ms_t2_S112_L001_R2_001.fastq.gz	@LH00295:195:22YCMWLT3:1:1101:4329:1032 2:N:0:AATGGGACTG+TACGCGCTGG
old_115_ms_t2_S115_L001_R1_001.fastq.gz	@LH00295:195:22YCMWLT3:1:1101:1619:1016 1:N:0:GTGTCCGCCT+TATCCGTGGC
old_115_ms_t2_S115_L001_R2_001.fastq.gz	@LH00295:195:22YCMWLT3:1:1101:1619:1016 2:N:0:GTGTCCGCCT+TATCCGTGGC
old_117_ms_t2_S117_L001_R1_001.fastq.gz	@LH00295:195:22YCMWLT3:1:1101:11790:1016 1:N:0:CTCGAGCACG+ATAGCGCGAT
old_117_ms_t2_S117_L001_R2_001.fastq.gz	@LH00295:195:22YCMWLT3:1:1101:11790:1016 2:N:0:CTCGAGCACG+ATAGCGCGAT
old_118_ms_t2_S118_L001_R1_001.fastq.gz	@LH00295:195:22YCMWLT3:1:1101:2840:1016 1:N:0:GCAGCATCTG+TGAACGAGAA
old_118_ms_t2_S118_L001_R2_001.fastq.gz	@LH00295:195:22YCMWLT3:1:1101:2840:1016 2:N:0:GCAGCATCTG+TGAACGAGAA
old_121_me_t1_S121_L001_R1_001.fastq.gz	@LH00295:195:22YCMWLT3:1:1101:2711:1016 1:N:0:ATCTCTAACG+TTCAAGGCTA
old_121_me_t1_S121_L001_R2_001.fastq.gz	@LH00295:195:22YCMWLT3:1:1101:2711:1016 2:N:0:ATCTCTAACG+TTCAAGGCTA
old_122_me_t1_S122_L001_R1_001.fastq.gz	@LH00295:195:22YCMWLT3:1:1101:1287:1016 1:N:0:CCTTTCGTTT+AGTTTCTCAC
old_122_me_t1_S122_L001_R2_001.fastq.gz	@LH00295:195:22YCMWLT3:1:1101:1287:1016 2:N:0:CCTTTCGTTT+AGTTTCTCAC
old_124_me_t1_S124_L001_R1_001.fastq.gz	@LH00295:195:22YCMWLT3:1:1101:2748:1016 1:N:0:CCAGGACGCA+ATATTTGGTC
old_124_me_t1_S124_L001_R2_001.fastq.gz	@LH00295:195:22YCMWLT3:1:1101:2748:1016 2:N:0:CCAGGACGCA+ATATTTGGTC
old_125_me_t1_S125_L001_R1_001.fastq.gz	@LH00295:195:22YCMWLT3:1:1101:1777:1032 1:N:0:AACCAGCTAA+TCTCTTCTGT
old_125_me_t1_S125_L001_R2_001.fastq.gz	@LH00295:195:22YCMWLT3:1:1101:1777:1032 2:N:0:AACCAGCTAA+TCTCTTCTGT
old_126_me_t1_S126_L001_R1_001.fastq.gz	@LH00295:195:22YCMWLT3:1:1101:1749:1016 1:N:0:CACACCCTTG+CGAAGTAGTA
old_126_me_t1_S126_L001_R2_001.fastq.gz	@LH00295:195:22YCMWLT3:1:1101:1749:1016 2:N:0:CACACCCTTG+CGAAGTAGTA
old_127_me_t1_S127_L001_R1_001.fastq.gz	@LH00295:195:22YCMWLT3:1:1101:13362:1016 1:N:0:ACATGAATGG+CTAGATAAGC
old_127_me_t1_S127_L001_R2_001.fastq.gz	@LH00295:195:22YCMWLT3:1:1101:13362:1016 2:N:0:ACATGAATGG+CTAGATAAGC
old_129_me_t1_S129_L001_R1_001.fastq.gz	@LH00295:195:22YCMWLT3:1:1101:4338:1016 1:N:0:TCTGAGGCAA+ATGCTATCCG
old_129_me_t1_S129_L001_R2_001.fastq.gz	@LH00295:195:22YCMWLT3:1:1101:4338:1016 2:N:0:TCTGAGGCAA+ATGCTATCCG
old_131_me_t2_S131_L001_R1_001.fastq.gz	@LH00295:195:22YCMWLT3:1:1101:6742:1016 1:N:0:CCATTTACGT+AACAGCATGG
old_131_me_t2_S131_L001_R2_001.fastq.gz	@LH00295:195:22YCMWLT3:1:1101:6742:1016 2:N:0:CCATTTACGT+AACAGCATGG
old_132_me_t2_S132_L001_R1_001.fastq.gz	@LH00295:195:22YCMWLT3:1:1101:5632:1016 1:N:0:AATATACAGA+GCCGGCTCAC
old_132_me_t2_S132_L001_R2_001.fastq.gz	@LH00295:195:22YCMWLT3:1:1101:5632:1016 2:N:0:AATATACAGA+GCCGGCTCAC
old_135_me_t2_S135_L001_R1_001.fastq.gz	@LH00295:195:22YCMWLT3:1:1101:6538:1016 1:N:0:GTCGTTGGAT+ATGTGGCCGA
old_135_me_t2_S135_L001_R2_001.fastq.gz	@LH00295:195:22YCMWLT3:1:1101:6538:1016 2:N:0:GTCGTTGGAT+ATGTGGCCGA
old_136_me_t2_S136_L001_R1_001.fastq.gz	@LH00295:195:22YCMWLT3:1:1101:4116:1016 1:N:0:AGTGTACTGG+TTGGTCGGTG
old_136_me_t2_S136_L001_R2_001.fastq.gz	@LH00295:195:22YCMWLT3:1:1101:4116:1016 2:N:0:AGTGTACTGG+TTGGTCGGTG
old_137_me_t2_S137_L001_R1_001.fastq.gz	@LH00295:195:22YCMWLT3:1:1101:3006:1016 1:N:0:GAGCACTTTA+GCGCCTCCTT
old_137_me_t2_S137_L001_R2_001.fastq.gz	@LH00295:195:22YCMWLT3:1:1101:3006:1016 2:N:0:GAGCACTTTA+GCGCCTCCTT
old_140_me_t2_S140_L001_R1_001.fastq.gz	@LH00295:195:22YCMWLT3:1:1101:5041:1016 1:N:0:TGGCCAGGGC+AATCATACGT
old_140_me_t2_S140_L001_R2_001.fastq.gz	@LH00295:195:22YCMWLT3:1:1101:5041:1016 2:N:0:TGGCCAGGGC+AATCATACGT
old_141_me_t2_S141_L001_R1_001.fastq.gz	@LH00295:195:22YCMWLT3:1:1101:2637:1016 1:N:0:GACTTCGGTA+TCCATGTCTT
old_141_me_t2_S141_L001_R2_001.fastq.gz	@LH00295:195:22YCMWLT3:1:1101:2637:1016 2:N:0:GACTTCGGTA+TCCATGTCTT
old_144_fs_t1_S144_L001_R1_001.fastq.gz	@LH00295:195:22YCMWLT3:1:1101:1065:1016 1:N:0:TATGCGCCGT+CAAGCCCTCT
old_144_fs_t1_S144_L001_R2_001.fastq.gz	@LH00295:195:22YCMWLT3:1:1101:1065:1016 2:N:0:TATGCGCCGT+CAAGCCCTCT
old_145_fs_t1_S145_L001_R1_001.fastq.gz	@LH00295:195:22YCMWLT3:1:1101:1305:1016 1:N:0:AGTGAACGCT+AGAAATGTTT
old_145_fs_t1_S145_L001_R2_001.fastq.gz	@LH00295:195:22YCMWLT3:1:1101:1305:1016 2:N:0:AGTGAACGCT+AGAAATGTTT
old_146_fs_t1_S146_L001_R1_001.fastq.gz	@LH00295:195:22YCMWLT3:1:1101:3080:1016 1:N:0:TTAAGTGGAG+CCGCCTGTAA
old_146_fs_t1_S146_L001_R2_001.fastq.gz	@LH00295:195:22YCMWLT3:1:1101:3080:1016 2:N:0:TTAAGTGGAG+CCGCCTGTAA
old_147_fs_t1_S147_L001_R1_001.fastq.gz	@LH00295:195:22YCMWLT3:1:1101:3358:1016 1:N:0:AGGTCCTGAA+AGTCGAGTTG
old_147_fs_t1_S147_L001_R2_001.fastq.gz	@LH00295:195:22YCMWLT3:1:1101:3358:1016 2:N:0:AGGTCCTGAA+AGTCGAGTTG
old_149_fs_t1_S149_L001_R1_001.fastq.gz	@LH00295:195:22YCMWLT3:1:1101:2322:1016 1:N:0:TACCCTCAAC+TTTAGGCGTC
old_149_fs_t1_S149_L001_R2_001.fastq.gz	@LH00295:195:22YCMWLT3:1:1101:2322:1016 2:N:0:TACCCTCAAC+TTTAGGCGTC
old_150_fs_t1_S150_L001_R1_001.fastq.gz	@LH00295:195:22YCMWLT3:1:1101:1693:1016 1:N:0:CAGTCCATTG+TTGTCAGGGT
old_150_fs_t1_S150_L001_R2_001.fastq.gz	@LH00295:195:22YCMWLT3:1:1101:1693:1016 2:N:0:CAGTCCATTG+TTGTCAGGGT
old_151_fs_t1_S151_L001_R1_001.fastq.gz	@LH00295:195:22YCMWLT3:1:1101:2415:1016 1:N:0:GTAATACGAT+CCCTGTATTA
old_151_fs_t1_S151_L001_R2_001.fastq.gz	@LH00295:195:22YCMWLT3:1:1101:2415:1016 2:N:0:GTAATACGAT+CCCTGTATTA
old_156_fs_t2_S156_L001_R1_001.fastq.gz	@LH00295:195:22YCMWLT3:1:1101:6853:1016 1:N:0:GACTGAGGAG+TGCCTGTGCT
old_156_fs_t2_S156_L001_R2_001.fastq.gz	@LH00295:195:22YCMWLT3:1:1101:6853:1016 2:N:0:GACTGAGGAG+TGCCTGTGCT
old_157_fs_t2_S157_L001_R1_001.fastq.gz	@LH00295:195:22YCMWLT3:1:1101:9867:1016 1:N:0:CATCTAATCG+ATCATGGCCG
old_157_fs_t2_S157_L001_R2_001.fastq.gz	@LH00295:195:22YCMWLT3:1:1101:9867:1016 2:N:0:CATCTAATCG+ATCATGGCCG
old_158_fs_t2_S158_L001_R1_001.fastq.gz	@LH00295:195:22YCMWLT3:1:1101:3321:1016 1:N:0:TCCTCGGAAC+TCAAGAGCGA
old_158_fs_t2_S158_L001_R2_001.fastq.gz	@LH00295:195:22YCMWLT3:1:1101:3321:1016 2:N:0:TCCTCGGAAC+TCAAGAGCGA
old_159_fs_t2_S159_L001_R1_001.fastq.gz	@LH00295:195:22YCMWLT3:1:1101:4301:1016 1:N:0:GTATAAGACT+TCGACCAAAC
old_159_fs_t2_S159_L001_R2_001.fastq.gz	@LH00295:195:22YCMWLT3:1:1101:4301:1016 2:N:0:GTATAAGACT+TCGACCAAAC
old_161_fs_t2_S161_L001_R1_001.fastq.gz	@LH00295:195:22YCMWLT3:1:1101:1435:1016 1:N:0:AATGGCATTA+AGATGTAGCA
old_161_fs_t2_S161_L001_R2_001.fastq.gz	@LH00295:195:22YCMWLT3:1:1101:1435:1016 2:N:0:AATGGCATTA+AGATGTAGCA
old_162_fe_t2_S162_L001_R1_001.fastq.gz	@LH00295:195:22YCMWLT3:1:1101:8813:1016 1:N:0:GAAATTGCAT+ACGTAGAGGC
old_162_fe_t2_S162_L001_R2_001.fastq.gz	@LH00295:195:22YCMWLT3:1:1101:8813:1016 2:N:0:GAAATTGCAT+ACGTAGAGGC
old_163_fs_t2_S163_L001_R1_001.fastq.gz	@LH00295:195:22YCMWLT3:1:1101:1952:1016 1:N:0:AATTACAGTT+ACCGGACCCT
old_163_fs_t2_S163_L001_R2_001.fastq.gz	@LH00295:195:22YCMWLT3:1:1101:1952:1016 2:N:0:AATTACAGTT+ACCGGACCCT
old_167_fe_t1_S167_L001_R1_001.fastq.gz	@LH00295:195:22YCMWLT3:1:1101:4375:1016 1:N:0:TGCCCTCGAT+TTTACTCACA
old_167_fe_t1_S167_L001_R2_001.fastq.gz	@LH00295:195:22YCMWLT3:1:1101:4375:1016 2:N:0:TGCCCTCGAT+TTTACTCACA
old_169_fe_t1_S169_L001_R1_001.fastq.gz	@LH00295:195:22YCMWLT3:1:1101:1120:1016 1:N:0:CGTGAGTCAC+CCAGGTGTAT
old_169_fe_t1_S169_L001_R2_001.fastq.gz	@LH00295:195:22YCMWLT3:1:1101:1120:1016 2:N:0:CGTGAGTCAC+CCAGGTGTAT
old_170_fe_t1_S170_L001_R1_001.fastq.gz	@LH00295:195:22YCMWLT3:1:1101:1028:1016 1:N:0:TATCCGAATA+NGCACGGTGT
old_170_fe_t1_S170_L001_R2_001.fastq.gz	@LH00295:195:22YCMWLT3:1:1101:1028:1016 2:N:0:TATCCGAATA+NGCACGGTGT
old_171_fe_t1_S171_L001_R1_001.fastq.gz	@LH00295:195:22YCMWLT3:1:1101:1546:1016 1:N:0:CGATTGCTTA+CCGTATAGAC
old_171_fe_t1_S171_L001_R2_001.fastq.gz	@LH00295:195:22YCMWLT3:1:1101:1546:1016 2:N:0:CGATTGCTTA+CCGTATAGAC
old_172_fe_t1_S172_L001_R1_001.fastq.gz	@LH00295:195:22YCMWLT3:1:1101:1897:1016 1:N:0:GCGTTCGGAC+TTCCGGTTTC
old_172_fe_t1_S172_L001_R2_001.fastq.gz	@LH00295:195:22YCMWLT3:1:1101:1897:1016 2:N:0:GCGTTCGGAC+TTCCGGTTTC
old_174_fe_t1_S174_L001_R1_001.fastq.gz	@LH00295:195:22YCMWLT3:1:1101:1527:1016 1:N:0:TGTAGTAGCG+CGAATGCTAG
old_174_fe_t1_S174_L001_R2_001.fastq.gz	@LH00295:195:22YCMWLT3:1:1101:1527:1016 2:N:0:TGTAGTAGCG+CGAATGCTAG
old_175_fe_t1_S175_L001_R1_001.fastq.gz	@LH00295:195:22YCMWLT3:1:1101:1157:1016 1:N:0:CGCCCTACGG+ATCTCTGTCA
old_175_fe_t1_S175_L001_R2_001.fastq.gz	@LH00295:195:22YCMWLT3:1:1101:1157:1016 2:N:0:CGCCCTACGG+ATCTCTGTCA
old_181_fe_t2_S181_L001_R1_001.fastq.gz	@LH00295:195:22YCMWLT3:1:1101:2526:1016 1:N:0:TGCCACAGGA+CTATTCTGAA
old_181_fe_t2_S181_L001_R2_001.fastq.gz	@LH00295:195:22YCMWLT3:1:1101:2526:1016 2:N:0:TGCCACAGGA+CTATTCTGAA
old_182_fe_t2_S182_L001_R1_001.fastq.gz	@LH00295:195:22YCMWLT3:1:1101:2341:1016 1:N:0:GACAGTTATA+TGGTCCCGTT
old_182_fe_t2_S182_L001_R2_001.fastq.gz	@LH00295:195:22YCMWLT3:1:1101:2341:1016 2:N:0:GACAGTTATA+TGGTCCCGTT
old_184_fe_t2_S184_L001_R1_001.fastq.gz	@LH00295:195:22YCMWLT3:1:1101:2230:1016 1:N:0:AATAGTTAGA+AGATGGTACG
old_184_fe_t2_S184_L001_R2_001.fastq.gz	@LH00295:195:22YCMWLT3:1:1101:2230:1016 2:N:0:AATAGTTAGA+AGATGGTACG
old_185_fe_t2_S185_L001_R1_001.fastq.gz	@LH00295:195:22YCMWLT3:1:1101:2951:1016 1:N:0:GAAGCGCCTT+TAGCGCCGCG
old_185_fe_t2_S185_L001_R2_001.fastq.gz	@LH00295:195:22YCMWLT3:1:1101:2951:1016 2:N:0:GAAGCGCCTT+TAGCGCCGCG
old_186_fe_t2_S186_L001_R1_001.fastq.gz	@LH00295:195:22YCMWLT3:1:1101:1786:1016 1:N:0:GAAACATTAA+CCAGCTAGGG
old_186_fe_t2_S186_L001_R2_001.fastq.gz	@LH00295:195:22YCMWLT3:1:1101:1786:1016 2:N:0:GAAACATTAA+CCAGCTAGGG
old_188_fe_t2_S188_L001_R1_001.fastq.gz	@LH00295:195:22YCMWLT3:1:1101:2563:1016 1:N:0:TCCCGGAGAG+TCCCACCTCT
old_188_fe_t2_S188_L001_R2_001.fastq.gz	@LH00295:195:22YCMWLT3:1:1101:2563:1016 2:N:0:TCCCGGAGAG+TCCCACCTCT
old_189_fe_t2_S189_L001_R1_001.fastq.gz	@LH00295:195:22YCMWLT3:1:1101:1176:1016 1:N:0:GCATATGCAG+TTTCTCTCAC
old_189_fe_t2_S189_L001_R2_001.fastq.gz	@LH00295:195:22YCMWLT3:1:1101:1176:1016 2:N:0:GCATATGCAG+TTTCTCTCAC
old_98_ms_t1_S98_L001_R1_001.fastq.gz	@LH00295:195:22YCMWLT3:1:1101:4578:1016 1:N:0:CTTAAGGGAA+CCGCCTCAGG
old_98_ms_t1_S98_L001_R2_001.fastq.gz	@LH00295:195:22YCMWLT3:1:1101:4578:1016 2:N:0:CTTAAGGGAA+CCGCCTCAGG
old_99_ms_t1_S99_L001_R1_001.fastq.gz	@LH00295:195:22YCMWLT3:1:1101:2211:1016 1:N:0:ATAAACGGAT+GACCAGGCTT
old_99_ms_t1_S99_L001_R2_001.fastq.gz	@LH00295:195:22YCMWLT3:1:1101:2211:1016 2:N:0:ATAAACGGAT+GACCAGGCTT
young_14_ms_t2_S14_L001_R1_001.fastq.gz	@LH00295:195:22YCMWLT3:1:1101:2110:1032 1:N:0:CGCACTGCAT+GCTTGTGAAC
young_14_ms_t2_S14_L001_R2_001.fastq.gz	@LH00295:195:22YCMWLT3:1:1101:2110:1032 2:N:0:CGCACTGCAT+GCTTGTGAAC
young_16_ms_t2_S16_L001_R1_001.fastq.gz	@LH00295:195:22YCMWLT3:1:1101:1268:1016 1:N:0:TACTTATCTC+CCTCTTTCGG
young_16_ms_t2_S16_L001_R2_001.fastq.gz	@LH00295:195:22YCMWLT3:1:1101:1268:1016 2:N:0:TACTTATCTC+CCTCTTTCGG
young_17_ms_t2_S17_L001_R1_001.fastq.gz	@LH00295:195:22YCMWLT3:1:1101:5484:1016 1:N:0:TCACTCTCGT+TACGTTCTCG
young_17_ms_t2_S17_L001_R2_001.fastq.gz	@LH00295:195:22YCMWLT3:1:1101:5484:1016 2:N:0:TCACTCTCGT+TACGTTCTCG
young_19_ms_t2_S19_L001_R1_001.fastq.gz	@LH00295:195:22YCMWLT3:1:1101:2969:1016 1:N:0:TAAACTAAGG+GCAGACACCG
young_19_ms_t2_S19_L001_R2_001.fastq.gz	@LH00295:195:22YCMWLT3:1:1101:2969:1016 2:N:0:TAAACTAAGG+GCAGACACCG
young_20_ms_t2_S20_L001_R1_001.fastq.gz	@LH00295:195:22YCMWLT3:1:1101:2119:1016 1:N:0:GCGAATACAC+TCATGCTAGT
young_20_ms_t2_S20_L001_R2_001.fastq.gz	@LH00295:195:22YCMWLT3:1:1101:2119:1016 2:N:0:GCGAATACAC+TCATGCTAGT
young_21_ms_t2_S21_L001_R1_001.fastq.gz	@LH00295:195:22YCMWLT3:1:1101:1934:1016 1:N:0:ACTTATGAAC+TCGGCCGGGA
young_21_ms_t2_S21_L001_R2_001.fastq.gz	@LH00295:195:22YCMWLT3:1:1101:1934:1016 2:N:0:ACTTATGAAC+TCGGCCGGGA
young_22_ms_t2_S22_L001_R1_001.fastq.gz	@LH00295:195:22YCMWLT3:1:1101:4449:1016 1:N:0:GTACTCGTGA+CACTATTTCT
young_22_ms_t2_S22_L001_R2_001.fastq.gz	@LH00295:195:22YCMWLT3:1:1101:4449:1016 2:N:0:GTACTCGTGA+CACTATTTCT
young_26_me_t1_S26_L001_R1_001.fastq.gz	@LH00295:195:22YCMWLT3:1:1101:5854:1016 1:N:0:GACCGACGGT+CTTTCAAGCG
young_26_me_t1_S26_L001_R2_001.fastq.gz	@LH00295:195:22YCMWLT3:1:1101:5854:1016 2:N:0:GACCGACGGT+CTTTCAAGCG
young_27_me_t1_S27_L001_R1_001.fastq.gz	@LH00295:195:22YCMWLT3:1:1101:7278:1016 1:N:0:GTTCACTTCA+AAGCTCATTA
young_27_me_t1_S27_L001_R2_001.fastq.gz	@LH00295:195:22YCMWLT3:1:1101:7278:1016 2:N:0:GTTCACTTCA+AAGCTCATTA
young_28_me_t1_S28_L001_R1_001.fastq.gz	@LH00295:195:22YCMWLT3:1:1101:2248:1016 1:N:0:CTCGCTATTA+ATGCCTCCGG
young_28_me_t1_S28_L001_R2_001.fastq.gz	@LH00295:195:22YCMWLT3:1:1101:2248:1016 2:N:0:CTCGCTATTA+ATGCCTCCGG
young_29_me_t1_S29_L001_R1_001.fastq.gz	@LH00295:195:22YCMWLT3:1:1101:2979:1032 1:N:0:AAACGTCGAA+TCGCACGAAA
young_29_me_t1_S29_L001_R2_001.fastq.gz	@LH00295:195:22YCMWLT3:1:1101:2979:1032 2:N:0:AAACGTCGAA+TCGCACGAAA
young_2_ms_t1_S2_L001_R1_001.fastq.gz	@LH00295:195:22YCMWLT3:1:1101:1324:1016 1:N:0:CGGGAAGATG+CAGTAGTTAC
young_2_ms_t1_S2_L001_R2_001.fastq.gz	@LH00295:195:22YCMWLT3:1:1101:1324:1016 2:N:0:CGGGAAGATG+CAGTAGTTAC
young_31_me_t1_S31_L001_R1_001.fastq.gz	@LH00295:195:22YCMWLT3:1:1101:5429:1016 1:N:0:TTAAACGTTT+TGTCAACGAG
young_31_me_t1_S31_L001_R2_001.fastq.gz	@LH00295:195:22YCMWLT3:1:1101:5429:1016 2:N:0:TTAAACGTTT+TGTCAACGAG
young_32_me_t1_S32_L001_R1_001.fastq.gz	@LH00295:195:22YCMWLT3:1:1101:6464:1016 1:N:0:TTGGGAAATC+CCAAACCATC
young_32_me_t1_S32_L001_R2_001.fastq.gz	@LH00295:195:22YCMWLT3:1:1101:6464:1016 2:N:0:TTGGGAAATC+CCAAACCATC
young_33_me_t1_S33_L001_R1_001.fastq.gz	@LH00295:195:22YCMWLT3:1:1101:2452:1016 1:N:0:AAGCGCCGCT+ACGGGATGAC
young_33_me_t1_S33_L001_R2_001.fastq.gz	@LH00295:195:22YCMWLT3:1:1101:2452:1016 2:N:0:AAGCGCCGCT+ACGGGATGAC
young_39_me_t2_S39_L001_R1_001.fastq.gz	@LH00295:195:22YCMWLT3:1:1101:4208:1016 1:N:0:CTTGGCTATC+CATGTAGCTG
young_39_me_t2_S39_L001_R2_001.fastq.gz	@LH00295:195:22YCMWLT3:1:1101:4208:1016 2:N:0:CTTGGCTATC+CATGTAGCTG
young_3_ms_t1_S3_L001_R1_001.fastq.gz	@LH00295:195:22YCMWLT3:1:1101:1490:1016 1:N:0:GCCCGGGCAT+ATGTGTCGAT
young_3_ms_t1_S3_L001_R2_001.fastq.gz	@LH00295:195:22YCMWLT3:1:1101:1490:1016 2:N:0:GCCCGGGCAT+ATGTGTCGAT
young_40_me_t2_S40_L001_R1_001.fastq.gz	@LH00295:195:22YCMWLT3:1:1101:1231:1016 1:N:0:CGCAAGGTCG+CGAGATATGT
young_40_me_t2_S40_L001_R2_001.fastq.gz	@LH00295:195:22YCMWLT3:1:1101:1231:1016 2:N:0:CGCAAGGTCG+CGAGATATGT
young_41_me_t2_S41_L001_R1_001.fastq.gz	@LH00295:195:22YCMWLT3:1:1101:1074:1032 1:N:0:TTATCGGATG+CTCGTACTGA
young_41_me_t2_S41_L001_R2_001.fastq.gz	@LH00295:195:22YCMWLT3:1:1101:1074:1032 2:N:0:TTATCGGATG+CTCGTACTGA
young_43_me_t2_S43_L001_R1_001.fastq.gz	@LH00295:195:22YCMWLT3:1:1101:1139:1016 1:N:0:GTGAAGGGAT+TTTGTGTATC
young_43_me_t2_S43_L001_R2_001.fastq.gz	@LH00295:195:22YCMWLT3:1:1101:1139:1016 2:N:0:GTGAAGGGAT+TTTGTGTATC
young_44_me_t2_S44_L001_R1_001.fastq.gz	@LH00295:195:22YCMWLT3:1:1101:1398:1016 1:N:0:GCCCTCTGCA+CGTATCGGTG
young_44_me_t2_S44_L001_R2_001.fastq.gz	@LH00295:195:22YCMWLT3:1:1101:1398:1016 2:N:0:GCCCTCTGCA+CGTATCGGTG
young_45_me_t2_S45_L001_R1_001.fastq.gz	@LH00295:195:22YCMWLT3:1:1101:3709:1016 1:N:0:AATATTAACT+TACCTTTGTT
young_45_me_t2_S45_L001_R2_001.fastq.gz	@LH00295:195:22YCMWLT3:1:1101:3709:1016 2:N:0:AATATTAACT+TACCTTTGTT
young_49_fs_t1_S49_L001_R1_001.fastq.gz	@LH00295:195:22YCMWLT3:1:1101:3469:1016 1:N:0:CTTCCAAGGT+CTAAGTTCAC
young_49_fs_t1_S49_L001_R2_001.fastq.gz	@LH00295:195:22YCMWLT3:1:1101:3469:1016 2:N:0:CTTCCAAGGT+CTAAGTTCAC
young_4_ms_t1_S4_L001_R1_001.fastq.gz	@LH00295:195:22YCMWLT3:1:1101:3617:1016 1:N:0:TGAAATATAT+TTGTACTATT
young_4_ms_t1_S4_L001_R2_001.fastq.gz	@LH00295:195:22YCMWLT3:1:1101:3617:1016 2:N:0:TGAAATATAT+TTGTACTATT
young_51_fs_t1_S51_L001_R1_001.fastq.gz	@LH00295:195:22YCMWLT3:1:1101:10921:1016 1:N:0:CCGTGTAACA+CGTTTCGGGC
young_51_fs_t1_S51_L001_R2_001.fastq.gz	@LH00295:195:22YCMWLT3:1:1101:10921:1016 2:N:0:CCGTGTAACA+CGTTTCGGGC
young_52_fs_t1_S52_L001_R1_001.fastq.gz	@LH00295:195:22YCMWLT3:1:1101:3839:1016 1:N:0:ATCGTCATTG+CTGGTCACTC
young_52_fs_t1_S52_L001_R2_001.fastq.gz	@LH00295:195:22YCMWLT3:1:1101:3839:1016 2:N:0:ATCGTCATTG+CTGGTCACTC
young_53_fs_t1_S53_L001_R1_001.fastq.gz	@LH00295:195:22YCMWLT3:1:1101:3450:1016 1:N:0:ATTTATTGTC+ACCAGCTCTA
young_53_fs_t1_S53_L001_R2_001.fastq.gz	@LH00295:195:22YCMWLT3:1:1101:3450:1016 2:N:0:ATTTATTGTC+ACCAGCTCTA
young_55_fs_t1_S55_L001_R1_001.fastq.gz	@LH00295:195:22YCMWLT3:1:1101:1730:1016 1:N:0:AGCCCAATAG+GATTCGCCTT
young_55_fs_t1_S55_L001_R2_001.fastq.gz	@LH00295:195:22YCMWLT3:1:1101:1730:1016 2:N:0:AGCCCAATAG+GATTCGCCTT
young_56_fs_t1_S56_L001_R1_001.fastq.gz	@LH00295:195:22YCMWLT3:1:1101:3099:1016 1:N:0:CACGACCACA+AAGCGAGTCT
young_56_fs_t1_S56_L001_R2_001.fastq.gz	@LH00295:195:22YCMWLT3:1:1101:3099:1016 2:N:0:CACGACCACA+AAGCGAGTCT
young_57_fs_t1_S57_L001_R1_001.fastq.gz	@LH00295:195:22YCMWLT3:1:1101:3247:1016 1:N:0:CAGAGAGCAG+AAACGACCCT
young_57_fs_t1_S57_L001_R2_001.fastq.gz	@LH00295:195:22YCMWLT3:1:1101:3247:1016 2:N:0:CAGAGAGCAG+AAACGACCCT
young_5_ms_t1_S5_L001_R1_001.fastq.gz	@LH00295:195:22YCMWLT3:1:1101:2378:1016 1:N:0:ACACCAAGGG+TAGTAGGTAT
young_5_ms_t1_S5_L001_R2_001.fastq.gz	@LH00295:195:22YCMWLT3:1:1101:2378:1016 2:N:0:ACACCAAGGG+TAGTAGGTAT
young_62_fs_t2_S62_L001_R1_001.fastq.gz	@LH00295:195:22YCMWLT3:1:1101:1102:1016 1:N:0:CCCGGTTTAT+CCGTTTCCTC
young_62_fs_t2_S62_L001_R2_001.fastq.gz	@LH00295:195:22YCMWLT3:1:1101:1102:1016 2:N:0:CCCGGTTTAT+CCGTTTCCTC
young_63_fs_t2_S63_L001_R1_001.fastq.gz	@LH00295:195:22YCMWLT3:1:1101:4005:1016 1:N:0:TGTTTCGTGT+TTCCGGAGGC
young_63_fs_t2_S63_L001_R2_001.fastq.gz	@LH00295:195:22YCMWLT3:1:1101:4005:1016 2:N:0:TGTTTCGTGT+TTCCGGAGGC
young_64_fs_t2_S64_L001_R1_001.fastq.gz	@LH00295:195:22YCMWLT3:1:1101:2026:1016 1:N:0:AGAATATTAA+CTCGCGGACA
young_64_fs_t2_S64_L001_R2_001.fastq.gz	@LH00295:195:22YCMWLT3:1:1101:2026:1016 2:N:0:AGAATATTAA+CTCGCGGACA
young_65_fs_t2_S65_L001_R1_001.fastq.gz	@LH00295:195:22YCMWLT3:1:1101:5410:1016 1:N:0:CATCATCGCT+TTAGGTGGGA
young_65_fs_t2_S65_L001_R2_001.fastq.gz	@LH00295:195:22YCMWLT3:1:1101:5410:1016 2:N:0:CATCATCGCT+TTAGGTGGGA
young_67_fs_t2_S67_L001_R1_001.fastq.gz	@LH00295:195:22YCMWLT3:1:1101:3506:1016 1:N:0:GAACAGCCGG+GTGTACTTGA
young_67_fs_t2_S67_L001_R2_001.fastq.gz	@LH00295:195:22YCMWLT3:1:1101:3506:1016 2:N:0:GAACAGCCGG+GTGTACTTGA
young_68_fs_t2_S68_L001_R1_001.fastq.gz	@LH00295:195:22YCMWLT3:1:1101:7888:1016 1:N:0:CCCTACGAGA+TGACGCCAGG
young_68_fs_t2_S68_L001_R2_001.fastq.gz	@LH00295:195:22YCMWLT3:1:1101:7888:1016 2:N:0:CCCTACGAGA+TGACGCCAGG
young_69_fs_t2_S69_L001_R1_001.fastq.gz	@LH00295:195:22YCMWLT3:1:1101:2507:1016 1:N:0:CGAAGATCAT+TATGACAAGG
young_69_fs_t2_S69_L001_R2_001.fastq.gz	@LH00295:195:22YCMWLT3:1:1101:2507:1016 2:N:0:CGAAGATCAT+TATGACAAGG
young_74_fe_t1_S74_L001_R1_001.fastq.gz	@LH00295:195:22YCMWLT3:1:1101:7870:1016 1:N:0:AAAGGTAATA+CGATCCATAC
young_74_fe_t1_S74_L001_R2_001.fastq.gz	@LH00295:195:22YCMWLT3:1:1101:7870:1016 2:N:0:AAAGGTAATA+CGATCCATAC
young_75_fe_t1_S75_L001_R1_001.fastq.gz	@LH00295:195:22YCMWLT3:1:1101:2858:1016 1:N:0:TTCCAGCCTC+CTAATCGGCA
young_75_fe_t1_S75_L001_R2_001.fastq.gz	@LH00295:195:22YCMWLT3:1:1101:2858:1016 2:N:0:TTCCAGCCTC+CTAATCGGCA
young_76_fe_t1_S76_L001_R1_001.fastq.gz	@LH00295:195:22YCMWLT3:1:1101:7777:1016 1:N:0:GTTAGATAAC+CTCTGGAGTT
young_76_fe_t1_S76_L001_R2_001.fastq.gz	@LH00295:195:22YCMWLT3:1:1101:7777:1016 2:N:0:GTTAGATAAC+CTCTGGAGTT
young_77_fe_t1_S77_L001_R1_001.fastq.gz	@LH00295:195:22YCMWLT3:1:1101:2821:1016 1:N:0:AGTCCTTGAA+GCCTTATTGT
young_77_fe_t1_S77_L001_R2_001.fastq.gz	@LH00295:195:22YCMWLT3:1:1101:2821:1016 2:N:0:AGTCCTTGAA+GCCTTATTGT
young_79_fe_t1_S79_L001_R1_001.fastq.gz	@LH00295:195:22YCMWLT3:1:1101:8499:1016 1:N:0:CGGGTCTCCT+CTCTTCGAAC
young_79_fe_t1_S79_L001_R2_001.fastq.gz	@LH00295:195:22YCMWLT3:1:1101:8499:1016 2:N:0:CGGGTCTCCT+CTCTTCGAAC
young_7_ms_t1_S7_L001_R1_001.fastq.gz	@LH00295:195:22YCMWLT3:1:1101:1823:1016 1:N:0:GACGCAAGAC+CCTGACTGGT
young_7_ms_t1_S7_L001_R2_001.fastq.gz	@LH00295:195:22YCMWLT3:1:1101:1823:1016 2:N:0:GACGCAAGAC+CCTGACTGGT
young_80_fe_t1_S80_L001_R1_001.fastq.gz	@LH00295:195:22YCMWLT3:1:1101:12974:1016 1:N:0:ACCTCGCAGC+CATTACAGGT
young_80_fe_t1_S80_L001_R2_001.fastq.gz	@LH00295:195:22YCMWLT3:1:1101:12974:1016 2:N:0:ACCTCGCAGC+CATTACAGGT
young_81_fe_t1_S81_L001_R1_001.fastq.gz	@LH00295:195:22YCMWLT3:1:1101:1361:1016 1:N:0:GCAATACAGG+ACCAATATTG
young_81_fe_t1_S81_L001_R2_001.fastq.gz	@LH00295:195:22YCMWLT3:1:1101:1361:1016 2:N:0:GCAATACAGG+ACCAATATTG
young_86_fe_t2_S86_L001_R1_001.fastq.gz	@LH00295:195:22YCMWLT3:1:1101:2156:1016 1:N:0:ATTTATCGAA+TCTTCTACCA
young_86_fe_t2_S86_L001_R2_001.fastq.gz	@LH00295:195:22YCMWLT3:1:1101:2156:1016 2:N:0:ATTTATCGAA+TCTTCTACCA
young_87_fe_t2_S87_L001_R1_001.fastq.gz	@LH00295:195:22YCMWLT3:1:1101:11014:1016 1:N:0:GCTGAGTGGC+CAGTCCGTGA
young_87_fe_t2_S87_L001_R2_001.fastq.gz	@LH00295:195:22YCMWLT3:1:1101:11014:1016 2:N:0:GCTGAGTGGC+CAGTCCGTGA
young_88_fe_t2_S88_L001_R1_001.fastq.gz	@LH00295:195:22YCMWLT3:1:1101:5577:1016 1:N:0:GCCGCAGGCA+ACTATGAAGT
young_88_fe_t2_S88_L001_R2_001.fastq.gz	@LH00295:195:22YCMWLT3:1:1101:5577:1016 2:N:0:GCCGCAGGCA+ACTATGAAGT
young_89_fe_t2_S89_L001_R1_001.fastq.gz	@LH00295:195:22YCMWLT3:1:1101:1564:1016 1:N:0:CTGCGAGAAC+ATGTATATTT
young_89_fe_t2_S89_L001_R2_001.fastq.gz	@LH00295:195:22YCMWLT3:1:1101:1564:1016 2:N:0:CTGCGAGAAC+ATGTATATTT
young_8_ms_t1_S8_L001_R1_001.fastq.gz	@LH00295:195:22YCMWLT3:1:1101:5799:1016 1:N:0:GCGTGCAGGA+GAAGCAAGGT
young_8_ms_t1_S8_L001_R2_001.fastq.gz	@LH00295:195:22YCMWLT3:1:1101:5799:1016 2:N:0:GCGTGCAGGA+GAAGCAAGGT
young_91_fe_t2_S91_L001_R1_001.fastq.gz	@LH00295:195:22YCMWLT3:1:1101:1453:1016 1:N:0:ATGGCCTGTG+TCCGGTCTCT
young_91_fe_t2_S91_L001_R2_001.fastq.gz	@LH00295:195:22YCMWLT3:1:1101:1453:1016 2:N:0:ATGGCCTGTG+TCCGGTCTCT
young_92_fe_t2_S92_L001_R1_001.fastq.gz	@LH00295:195:22YCMWLT3:1:1101:1656:1016 1:N:0:ACAAGAGGGA+CAGTTCGATC
young_92_fe_t2_S92_L001_R2_001.fastq.gz	@LH00295:195:22YCMWLT3:1:1101:1656:1016 2:N:0:ACAAGAGGGA+CAGTTCGATC
young_93_fe_t2_S93_L001_R1_001.fastq.gz	@LH00295:195:22YCMWLT3:1:1101:4800:1016 1:N:0:TAATCAAGAA+GCCGGGCTGC
young_93_fe_t2_S93_L001_R2_001.fastq.gz	@LH00295:195:22YCMWLT3:1:1101:4800:1016 2:N:0:TAATCAAGAA+GCCGGGCTGC
young_9_ms_t1_S9_L001_R1_001.fastq.gz	@LH00295:195:22YCMWLT3:1:1101:1878:1016 1:N:0:TTCAGTCCGC+ATGCTGGGTG
young_9_ms_t1_S9_L001_R2_001.fastq.gz	@LH00295:195:22YCMWLT3:1:1101:1878:1016 2:N:0:TTCAGTCCGC+ATGCTGGGTG
