sample	group	group2	treatment	timepoint_days	age	sex	animal_id	collection_date	sample_source	i7_index_sequence	i5_index_sequence	adaptor_name	index_kit	filename
1	S2DYF50	S2DY	S2DYF	saline	2	young	Female	50	10/24/24	Brain	TAACGCGTGA	GAAGTTAGGG	SI-TT-A6	10x Chromium Dual Index Kit TT Set A PN1000215	young_fs_50
2	S2DYF54	S2DY	S2DYF	saline	2	young	Female	54	10/24/24	Brain	AATGCCATGA	GCATTACGTA	SI-TT-B6	10x Chromium Dual Index Kit TT Set A PN1000215	young_fs_54
3	S2DYF59	S2DY	S2DYF	saline	2	young	Female	59	10/24/24	Brain	ACGACTACCA	TTAGGGTCGT	SI-TT-C6	10x Chromium Dual Index Kit TT Set A PN1000215	Young_fs_59
4	S2DYM1	S2DY	S2DYM	saline	2	young	Male	1	10/25/24	Brain	GTCCTTCGGC	CTGTGCATGA	SI-TT-E7	10x Chromium Dual Index Kit TT Set A PN1000215	young_ms_1
5	S2DYM11	S2DY	S2DYM	saline	2	young	Male	11	10/25/24	Brain	GTTTCACGAT	TTTGGCCGAA	SI-TT-G7	10x Chromium Dual Index Kit TT Set A PN1000215	young_ms_11
6	S2DYM6	S2DY	S2DYM	saline	2	young	Male	6	10/25/24	Brain	AATGTATCCA	TAAGCTCATT	SI-TT-F7	10x Chromium Dual Index Kit TT Set A PN1000215	young_ms_6
7	S2DOF143	S2DO	S2DOF	saline	2	old	Female	143	10/24/24	Brain	CGCGCACTTA	AGAATACAGG	SI-TT-C7	10x Chromium Dual Index Kit TT Set A PN1000215	old_fs_143
8	S2DOF148	S2DO	S2DOF	saline	2	old	Female	148	10/24/24	Brain	TTGCCCGTGC	AATCTCACGC	SI-TT-F6	10x Chromium Dual Index Kit TT Set A PN1000215	old_fs_148
9	S2DOF153	S2DO	S2DOF	saline	2	old	Female	153	10/24/24	Brain	GCGGGTAAGT	CTTAGTGCTA	SI-TT-G6	10x Chromium Dual Index Kit TT Set A PN1000215	old_fs_153
10	S2DOM103	S2DO	S2DOM	saline	2	old	Male	103	10/25/24	Brain	CGCTGAAATC	GCAGACACCT	SI-TT-D8	10x Chromium Dual Index Kit TT Set A PN1000215	old_ms_103
11	S2DOM107	S2DO	S2DOM	saline	2	old	Male	107	10/25/24	Brain	TATCAGCCTA	AGGACGAAAC	SI-TT-C9	10x Chromium Dual Index Kit TT Set A PN1000215	old_ms_107
12	S2DOM97	S2DO	S2DOM	saline	2	old	Male	97	10/25/24	Brain	GCTACAAAGC	AGGGCACGTG	SI-TT-C8	10x Chromium Dual Index Kit TT Set A PN1000215	old_ms_97
13	S18DYF61	S18DY	S18DYF	saline	18	young	Female	61	11/12/24	Brain	CCGGAGGAAG	AACATCCGCA	SI-TT-G9	10x Chromium Dual Index Kit TT Set A PN1000215	young_fs_61
14	S18DYF66	S18DY	S18DYF	saline	18	young	Female	66	11/12/24	Brain	AGAACTTAGA	AAAGGACTCG	SI-TT-H9	10x Chromium Dual Index Kit TT Set A PN1000215	young_fs_66
15	S18DYF71	S18DY	S18DYF	saline	18	young	Female	71	11/12/24	Brain	CGTGACATGC	TTTAGACCAT	SI-TT-A10	10x Chromium Dual Index Kit TT Set A PN1000215	young_fs_71
16	S18DYM13	S18DY	S18DYM	saline	18	young	Male	13	11/13/24	Brain	TCGTCAAGAT	CCTGAGTTGC	SI-TT-C12	10x Chromium Dual Index Kit TT Set A PN1000215	young_ms_13
17	S18DYM18	S18DY	S18DYM	saline	18	young	Male	18	11/13/24	Brain	GAATTGGTTA	CTACTAGAGT	SI-TT-D12	10x Chromium Dual Index Kit TT Set A PN1000215	young_ms_18
18	S18DYM23	S18DY	S18DYM	saline	18	young	Male	23	11/13/24	Brain	CGTCCACCTG	GTCATGAATG	SI-TT-E12	10x Chromium Dual Index Kit TT Set A PN1000215	young_ms_23
19	S18DOF155	S18DO	S18DOF	saline	18	old	Female	155	11/12/24	Brain	TCCGGGACAA	TGGCATTCAC	SI-TT-E11	10x Chromium Dual Index Kit TT Set A PN1000215	old_fs_155
20	S18DOF160	S18DO	S18DOF	saline	18	old	Female	160	11/12/24	Brain	TTCACACCTT	GTGTACACTA	SI-TT-F11	10x Chromium Dual Index Kit TT Set A PN1000215	old_fs_160
21	S18DOF164	S18DO	S18DOF	saline	18	old	Female	164	11/12/24	Brain	GATAACCTGC	GTTTCTAATG	SI-TT-G11	10x Chromium Dual Index Kit TT Set A PN1000215	old_fs_164
22	S18DOM110	S18DO	S18DOM	saline	18	old	Male	110	11/13/24	Brain	AAGGGCCGCA	GAGGAATCAG	SI-TT-F2	10x Chromium Dual Index Kit TT Set A PN1000215	old_ms_110
23	S18DOM113	S18DO	S18DOM	saline	18	old	Male	113	11/13/24	Brain	CATGTGGGTT	TAAAGGAATC	SI-TT-G2	10x Chromium Dual Index Kit TT Set A PN1000215	old_ms_113
24	S18DOM116	S18DO	S18DOM	saline	18	old	Male	116	11/13/24	Brain	TAGCATAGTG	GACAGAGCCG	SI-TT-H2	10x Chromium Dual Index Kit TT Set A PN1000215	old_ms_116
25	E2DYF73	E2DY	E2DYF	ecoli	2	young	Female	73	10/24/24	Brain	CCCAGCTTCT	GTTTGGTGTC	SI-TT-D6	10x Chromium Dual Index Kit TT Set A PN1000215	young_fe_73
26	E2DYF78	E2DY	E2DYF	ecoli	2	young	Female	78	10/24/24	Brain	TTGAGAGTCA	CTACCAGGTT	SI-TT-E6	10x Chromium Dual Index Kit TT Set A PN1000215	young_fe_78
27	E2DYF83	E2DY	E2DYF	ecoli	2	young	Female	83	10/24/24	Brain	GCCTTCGGTA	AAATCGTTGG	SI-TT-B7	10x Chromium Dual Index Kit TT Set A PN1000215	young_fe_83
28	E2DYM25	E2DY	E2DYM	ecoli	2	young	Male	25	10/25/24	Brain	ACCTCGAGCT	ATCGAACACA	SI-TT-H7	10x Chromium Dual Index Kit TT Set A PN1000215	young_me_25
29	E2DYM30	E2DY	E2DYM	ecoli	2	young	Male	30	10/25/24	Brain	CGAAGTATAC	CTCCAAGTTC	SI-TT-A8	10x Chromium Dual Index Kit TT Set A PN1000215	young_me_30
30	E2DYM35	E2DY	E2DYM	ecoli	2	young	Male	35	10/25/24	Brain	GCACTGAGAA	TTCACGCATA	SI-TT-B8	10x Chromium Dual Index Kit TT Set A PN1000215	young_me_35
31	E2DOF168	E2DO	E2DOF	ecoli	2	old	Female	168	10/24/24	Brain	CCTATCCTCG	GTTAGTATTC	SI-TT-H6	10x Chromium Dual Index Kit TT Set A PN1000215	old_fe_168
32	E2DOF173	E2DO	E2DOF	ecoli	2	old	Female	173	10/24/24	Brain	TCCCAAGGGT	AAAGGTAGTA	SI-TT-A7	10x Chromium Dual Index Kit TT Set A PN1000215	old_fe_173
33	E2DOF178	E2DO	E2DOF	ecoli	2	old	Female	178	10/24/24	Brain	CCTGTCAGGG	GTTACGGGCT	SI-TT-D7	10x Chromium Dual Index Kit TT Set A PN1000215	old_fe_178
34	E2DOM120	E2DO	E2DOM	ecoli	2	old	Male	120	10/25/24	Brain	TGGTCCCAAG	ACGCCAGAGG	SI-TT-D9	10x Chromium Dual Index Kit TT Set A PN1000215	old_me_120
35	E2DOM123	E2DO	E2DOM	ecoli	2	old	Male	123	10/25/24	Brain	TGTCCCAACG	TGGACATCGA	SI-TT-E9	10x Chromium Dual Index Kit TT Set A PN1000215	old_me_123
36	E2DOM128	E2DO	E2DOM	ecoli	2	old	Male	128	10/25/24	Brain	GTCCCATCAA	GTCACGTTCG	SI-TT-F9	10x Chromium Dual Index Kit TT Set A PN1000215	old_me_128
37	E18DYF85	E18DY	E18DYF	ecoli	18	young	Female	85	11/12/24	Brain	GCCCGATGGA	CTAGACGATT	SI-TT-B10	10x Chromium Dual Index Kit TT Set A PN1000215	young_fe_85
38	E18DYF90	E18DY	E18DYF	ecoli	18	young	Female	90	11/12/24	Brain	AGAATGGTTT	TCCCACCCTC	SI-TT-C10	10x Chromium Dual Index Kit TT Set A PN1000215	young_fe_90
39	E18DYF95	E18DY	E18DYF	ecoli	18	young	Female	95	11/12/24	Brain	ATGCGAATGG	CGACACTTGT	SI-TT-D10	10x Chromium Dual Index Kit TT Set A PN1000215	young_fe_95
40	E18DYM37	E18DY	E18DYM	ecoli	18	young	Male	37	11/13/24	Brain	GAGACGCACG	ATGTTCATAG	SI-TT-F12	10x Chromium Dual Index Kit TT Set A PN1000215	young_me_37
41	E18DYM42	E18DY	E18DYM	ecoli	18	young	Male	42	11/13/24	Brain	CTTGCATAAA	AAGCCCTGAT	SI-TT-G12	10x Chromium Dual Index Kit TT Set A PN1000215	young_me_42
42	E18DYM47	E18DY	E18DYM	ecoli	18	young	Male	47	11/13/24	Brain	TGATGATTCA	CGACTCCTAC	SI-TT-H12	10x Chromium Dual Index Kit TT Set A PN1000215	young_me_47
43	E18DOF180	E18DO	E18DOF	ecoli	18	old	Female	180	11/12/24	Brain	ACAATCGATC	CATTCCGTCA	SI-TT-H11	10x Chromium Dual Index Kit TT Set A PN1000215	old_fe_180
44	E18DOF183	E18DO	E18DOF	ecoli	18	old	Female	183	11/12/24	Brain	CACCGCACCA	ATTGACAGTC	SI-TT-A12	10x Chromium Dual Index Kit TT Set A PN1000215	old_fe_183
45	E18DOF187	E18DO	E18DOF	ecoli	18	old	Female	187	11/12/24	Brain	CGTCAAGGGC	GAGTGACCTA	SI-TT-B12	10x Chromium Dual Index Kit TT Set A PN1000215	old_fe_187
46	E18DOM133	E18DO	E18DOM	ecoli	18	old	Male	133	11/13/24	Brain	CACTACGAAA	ATCAGTCTAA	SI-TT-A3	10x Chromium Dual Index Kit TT Set A PN1000215	old_me_133
47	E18DOM139	E18DO	E18DOM	ecoli	18	old	Male	139	11/13/24	Brain	CACGGTGAAT	TGTGACGAAC	SI-TT-B3	10x Chromium Dual Index Kit TT Set A PN1000215	old_me_139
48	E18DOM142	E18DO	E18DOM	ecoli	18	old	Male	142	11/13/24	Brain	ATGGCTTGTG	CACAACATTC	SI-TT-C3	10x Chromium Dual Index Kit TT Set A PN1000215	old_me_142
